{
    "total_runtime": 254.0779368877411,
    "num_documents": 1,
    "input_load_time": 0,
    "workflows": {
        "create_base_text_units": {
            "overall": 0.26303887367248535,
            "0_orderby": 0.0028409957885742188,
            "1_zip": 0.002380847930908203,
            "2_aggregate_override": 0.005585193634033203,
            "3_chunk": 0.21297216415405273,
            "4_select": 0.003149747848510742,
            "5_unroll": 0.006166934967041016,
            "6_rename": 0.0025289058685302734,
            "7_genid": 0.006806135177612305,
            "8_unzip": 0.003943920135498047,
            "9_copy": 0.0029277801513671875,
            "10_filter": 0.011966943740844727
        },
        "create_base_extracted_entities": {
            "overall": 0.377439022064209,
            "0_entity_extract": 0.26333069801330566,
            "1_merge_graphs": 0.11061620712280273
        },
        "create_final_covariates": {
            "overall": 74.61209321022034,
            "0_extract_covariates": 74.57258176803589,
            "1_window": 0.007333993911743164,
            "2_genid": 0.0056188106536865234,
            "3_convert": 0.011095762252807617,
            "4_rename": 0.00560307502746582,
            "5_select": 0.005646944046020508
        },
        "create_summarized_entities": {
            "overall": 45.278610944747925,
            "0_summarize_descriptions": 45.2733108997345
        },
        "join_text_units_to_covariate_ids": {
            "overall": 0.026276826858520508,
            "0_select": 0.005795717239379883,
            "1_aggregate_override": 0.014812946319580078
        },
        "create_base_entity_graph": {
            "overall": 0.45795679092407227,
            "0_cluster_graph": 0.4456639289855957,
            "1_select": 0.0063669681549072266
        },
        "create_final_entities": {
            "overall": 9.535412311553955,
            "0_unpack_graph": 0.15054798126220703,
            "1_rename": 0.0073490142822265625,
            "2_select": 0.007399082183837891,
            "3_dedupe": 0.010293960571289062,
            "4_rename": 0.0073931217193603516,
            "5_filter": 0.020962953567504883,
            "6_text_split": 0.013919830322265625,
            "7_drop": 0.008252143859863281,
            "8_merge": 0.06159615516662598,
            "9_text_embed": 9.204980850219727,
            "10_drop": 0.010116100311279297,
            "11_filter": 0.02571392059326172
        },
        "create_final_nodes": {
            "overall": 1.173609972000122,
            "0_layout_graph": 0.637516975402832,
            "1_unpack_graph": 0.19652509689331055,
            "2_unpack_graph": 0.18813014030456543,
            "3_filter": 0.03671431541442871,
            "4_drop": 0.013499975204467773,
            "5_select": 0.010279178619384766,
            "6_rename": 0.00992584228515625,
            "7_convert": 0.04003000259399414,
            "8_join": 0.02018904685974121,
            "9_rename": 0.011855125427246094
        },
        "create_final_communities": {
            "overall": 0.8332569599151611,
            "0_unpack_graph": 0.16498303413391113,
            "1_unpack_graph": 0.17990493774414062,
            "2_aggregate_override": 0.014601945877075195,
            "3_join": 0.026486873626708984,
            "4_join": 0.029053926467895508,
            "5_concat": 0.013259172439575195,
            "6_filter": 0.24325299263000488,
            "7_aggregate_override": 0.028609037399291992,
            "8_join": 0.02289891242980957,
            "9_filter": 0.03735995292663574,
            "10_fill": 0.012890100479125977,
            "11_merge": 0.02195906639099121,
            "12_copy": 0.01317596435546875,
            "13_select": 0.013425111770629883
        },
        "join_text_units_to_entity_ids": {
            "overall": 0.06131100654602051,
            "0_select": 0.01328587532043457,
            "1_unroll": 0.014991044998168945,
            "2_aggregate_override": 0.019830942153930664
        },
        "create_final_relationships": {
            "overall": 0.38521432876586914,
            "0_unpack_graph": 0.17596101760864258,
            "1_filter": 0.046294212341308594,
            "2_rename": 0.014860153198242188,
            "3_filter": 0.05225706100463867,
            "4_drop": 0.01520085334777832,
            "5_compute_edge_combined_degree": 0.018484830856323242,
            "6_convert": 0.03171896934509277,
            "7_convert": 0.01607799530029297
        },
        "join_text_units_to_relationship_ids": {
            "overall": 0.08842206001281738,
            "0_select": 0.0160977840423584,
            "1_unroll": 0.01781606674194336,
            "2_aggregate_override": 0.02202010154724121,
            "3_select": 0.016896963119506836
        },
        "create_final_community_reports": {
            "overall": 117.63722395896912,
            "0_prepare_community_reports_nodes": 0.034902095794677734,
            "1_prepare_community_reports_edges": 0.02325916290283203,
            "2_prepare_community_reports_claims": 0.021274805068969727,
            "3_restore_community_hierarchy": 0.02407097816467285,
            "4_prepare_community_reports": 0.5269317626953125,
            "5_create_community_reports": 116.96628618240356,
            "6_window": 0.022603988647460938
        },
        "create_final_text_units": {
            "overall": 0.18525266647338867,
            "0_select": 0.018552064895629883,
            "1_rename": 0.0185396671295166,
            "2_join": 0.024445056915283203,
            "3_join": 0.02218484878540039,
            "4_join": 0.03568291664123535,
            "5_aggregate_override": 0.02810811996459961,
            "6_select": 0.019466876983642578
        },
        "create_base_documents": {
            "overall": 0.2221691608428955,
            "0_unroll": 0.020747900009155273,
            "1_select": 0.02063608169555664,
            "2_rename": 0.02085089683532715,
            "3_join": 0.023486852645874023,
            "4_aggregate_override": 0.022371292114257812,
            "5_join": 0.02424311637878418,
            "6_rename": 0.0211181640625,
            "7_convert": 0.04918718338012695
        },
        "create_final_documents": {
            "overall": 0.04122018814086914,
            "0_rename": 0.02049088478088379
        }
    }
}